{
  "bitfinex": {
    "taker": 0.002,
    "transfer": {
      "1INCH": 44.567,
      "AAVE": 0.30846,
      "ADA": 0.3,
      "ALG": 0,
      "BAT": 71.928,
      "BCC": 0,
      "BSV": 0.001,
      "BTC": 0.0004,
      "BTG": 0.001,
      "COMP": 0.17101,
      "DAI": 132.21,
      "DASH": 0.002,
      "EOS": 0,
      "ETH": 0.033948,
      "GNT": 312.58,
      "LINK": 2.8873,
      "LTC": 0.001,
      "LUNA": 0,
      "MANA": 100.25,
      "NEU": 0,
      "NPXS": 0,
      "OMG": 13.308,
      "REP": 2.5714,
      "SUSHI": 9.6668,
      "TRX": 1.0,
      "UNI": 3.6768,
      "USDC": 0,
      "USDT": 0,
      "XIN": 0,
      "XLM": 0,
      "XRP": 0.1,
      "XTZ": 0.2,
      "ZEC": 0.003,
      "ZRX": 76.952
    }
  },
  "bitbay": {
    "taker": 0.0043,
    "transfer": {
      "AAVE": 0.54,
      "ALG": 426.0,
      "AMLT": 1743.0,
      "BAT": 156.0,
      "BCC": 0.001,
      "BCP": 1237.0,
      "BOB": 11645.0,
      "BSV": 0.003,
      "BTC": 0.0005,
      "BTG": 0.001,
      "COMP": 0.1,
      "DAI": 81.0,
      "DASH": 0.001,
      "DOT": 0.1,
      "EOS": 0.1,
      "ETH": 0.006,
      "EXY": 520.0,
      "GAME": 479.0,
      "GGC": 112.0,
      "GNT": 403.0,
      "GRT": 84.0,
      "LINK": 2.7,
      "LML": 1500.0,
      "LSK": 0.3,
      "LTC": 0.001,
      "LUNA": 0.02,
      "MANA": 100.0,
      "MKR": 0.025,
      "NEU": 572.0,
      "NPXS": 46451.0,
      "OMG": 14.0,
      "PAY": 1523.0,
      "QARK": 1019.0,
      "REP": 3.2,
      "SRN": 5717.0,
      "SUSHI": 8.8,
      "TRX": 1.0,
      "UNI": 2.5,
      "USDC": 125.0,
      "USDT": 190.0,
      "XBX": 6608.0,
      "XIN": 5.0,
      "XLM": 0.005,
      "XRP": 0.1,
      "XTZ": 0.1,
      "ZEC": 0.004,
      "ZRX": 56.0
    }
  }
}